time,id,iq,vd,vq
1733814149369,0,0,0,0
1733814149444,0,0,0,0
1733814149547,0,0,0,0
1733814149649,0,0,0,0
1733814149751,0,0,0,0
1733814149853,0,0,0,0
1733814149955,0,0,0,0
1733814150057,0,0,0,0
1733814150158,0,0,0,0
1733814150261,0,0,0,0
1733814150362,0,0,0,0
1733814150466,0,9532,64428,9310
1733814150570,0,6032,61738,15821
1733814150675,0,63670,65470,6057
1733814150778,0,3572,63364,13435
1733814150882,0,630,65155,12461
1733814150985,0,1468,62817,12056
1733814151090,0,1176,64142,12865
1733814151194,0,1284,63833,12155
1733814151297,0,1456,64583,13102
1733814151402,0,1346,63930,13074
1733814151507,0,1305,120,13060
1733814151609,0,1303,63812,12758
1733814151712,0,1292,63343,12669
1733814151817,0,1414,64680,13007
1733814151921,0,1145,63654,12641
1733814152025,0,1267,64748,12808
1733814152129,0,958,64388,11986
1733814152232,0,1183,64945,12574
1733814152336,0,1086,63204,12026
1733814152440,0,1107,63415,12540
1733814152544,0,1223,64397,12563
1733814152648,0,1275,64086,13029
1733814152753,0,1387,65008,12710
1733814152856,0,1172,65331,12883
1733814152960,0,1414,64081,12795
1733814153065,0,1112,63138,12127
1733814153168,0,1251,63532,12574
1733814153272,0,1006,63219,11986
1733814153376,0,1172,65063,12982
1733814153481,0,1064,63746,12294
1733814153586,0,1367,102,12902
1733814153688,0,1186,63432,12705
1733814153791,0,973,63748,12420
1733814153895,0,1322,64817,12939
1733814153999,0,1069,64210,12637
1733814154103,0,1406,65196,12563
1733814154208,0,1183,64026,13407
1733814154311,0,1338,64296,12772
1733814154415,0,920,63050,11910
1733814154519,0,1205,64330,12704
1733814154624,0,1139,63793,12402
1733814154727,0,1053,64586,12749
1733814154832,0,1256,64873,12970
1733814154935,0,903,65006,12614
1733814155040,0,1333,63820,12736
1733814155144,0,1223,63318,12809
1733814155248,0,1381,64464,12994
1733814155352,0,1126,63018,12402
1733814155455,0,1242,64629,12590
1733814155559,0,939,64045,12072
1733814155663,0,1267,64845,12600
1733814155767,0,1042,63022,12143
1733814155871,0,1175,63166,12788
1733814155976,0,1229,63788,12626
1733814156079,0,1251,64531,13029
1733814156183,0,1403,63675,12682
1733814156287,0,1170,65194,12682
1733814156391,0,1408,64085,12938
1733814156495,0,1123,62816,12394
1733814156599,0,1292,63223,12715
1733814156703,0,1039,63614,12055
1733814156807,0,1205,64771,12807
1733814156911,0,1129,64244,12140
1733814157015,0,1395,65496,12922
1733814157119,0,1309,64139,12634
1733814157223,0,1338,63928,13132
1733814157327,0,1382,63177,12495
1733814157432,0,1268,64264,12731
1733814157535,0,1428,63953,12860
1733814157639,0,1127,63895,12284
1733814157743,0,1404,64770,12679
1733814157847,0,1059,64973,12512
1733814157951,0,1467,63933,12994
1733814158055,0,1184,63928,12362
1733814158159,0,1510,64657,13051
1733814158263,0,1415,63473,12729
1733814158368,0,1333,414,13065
1733814158471,0,1482,63616,12866
1733814158575,0,1732,63664,12282
1733814158679,0,2698,64356,13354
1733814158782,0,2460,64812,13476
1733814158886,0,2002,64740,13017
1733814158991,0,2105,63911,13187
1733814159094,0,1634,64592,12662
1733814159197,0,1616,62934,12707
1733814159303,0,1642,64048,12680
1733814159407,0,1713,64056,12862
1733814159510,0,1319,64465,12925
1733814159614,0,1704,65462,12799
1733814159718,0,1468,64403,12552
1733814159822,0,1712,64024,12996
1733814159926,0,1298,62897,12422
1733814160030,0,1328,63731,12694
1733814160134,0,1088,63223,12066
1733814160238,0,1433,64751,13158
1733814160342,0,1143,64166,12518
1733814160446,0,1430,65353,12919
1733814160550,0,1249,64024,12692
1733814160654,0,1371,63727,13081
1733814160758,0,1390,63004,12430
1733814160862,0,1252,64218,12681
1733814160966,0,1447,63986,12946
1733814161070,0,1154,64372,12276
1733814161174,0,1333,64900,12600
1733814161278,0,988,65004,12361
1733814161382,0,1412,64098,12771
1733814161486,0,1157,62993,12596
1733814161590,0,1455,64397,13014
1733814161694,0,1376,63616,12652
1733814161798,0,1330,65437,12933
1733814161902,0,1034,64395,12346
1733814162006,0,1341,64942,11915
1733814162110,0,1096,63540,12141
1733814162214,0,1293,64297,12407
1733814162318,0,1368,64552,12743
1733814162422,0,1067,64378,12642
1733814162526,0,1488,65308,12811
1733814162630,0,1209,64678,12617
1733814162734,0,1512,64240,11529
1733814162838,0,1216,63280,12524
1733814162942,0,1312,64658,12952
1733814163046,0,1118,63817,12305
1733814163150,0,1271,64603,12742
1733814163254,0,1195,64226,12298
1733814163358,0,1197,65051,12569
1733814163462,0,1298,63181,12589
1733814163566,0,1407,63730,13243
1733814163670,0,1393,64806,12816
1733814163774,0,1257,64297,12793
1733814163878,0,1436,63805,12747
1733814163982,0,1113,64178,12127
1733814164086,0,1363,65055,12820
1733814164190,0,982,64633,12463
1733814164294,0,1388,63998,13074
1733814164398,0,1077,63409,12090
1733814164502,0,1419,64110,12885
1733814164606,0,1344,63536,12633
1733814164711,0,1237,266,12770
1733814164813,0,1366,63544,12872
1733814164917,0,1099,62791,12553
1733814165020,0,1398,64725,12976
1733814165125,0,1300,63611,12735
1733814165229,0,1253,64059,12524
1733814165333,0,969,64225,12077
1733814165437,0,1237,65026,12546
1733814165541,0,1064,63815,11876
1733814165645,0,1126,63416,12512
1733814165749,0,1248,64128,12578
1733814165853,0,944,64907,12837
1733814165957,0,1376,65340,12768
1733814166061,0,1189,64493,12501
1733814166164,0,1414,63911,12955
1733814166268,0,1120,62817,12571
1733814166373,0,1223,64016,12388
1733814166476,0,1001,63845,12072
1733814166580,0,1191,64622,12968
1733814166685,0,1064,64486,12138
1733814166789,0,1387,64840,12658
1733814166893,0,1197,63972,12610
1733814166997,0,1267,63768,12837
1733814167101,0,1365,62812,12529
1733814167205,0,1200,64382,12739
1733814167309,0,1370,63962,12746
1733814167412,0,1047,64359,12459
1733814167517,0,1322,64986,12773
1733814167621,0,903,64938,12430
1733814167725,0,1327,63869,13094
1733814167828,0,1093,63274,12363
1733814167933,0,1305,64644,12865
1733814168036,0,1259,63426,12378
1733814168141,0,1215,34,12777
1733814168244,0,1314,63791,12733
1733814168348,0,1237,63327,12689
1733814168452,0,1322,64909,12835
1733814168556,0,1112,63694,12641
1733814168660,0,1248,64223,12376
1733814168764,0,881,64403,11976
1733814168868,0,1245,64850,12673
1733814168972,0,1064,62862,12156
1733814169076,0,1109,63545,12487
1733814169180,0,1221,63991,12546
1733814169284,0,1242,64577,13096
1733814169388,0,1378,65101,12804
1733814169492,0,1161,65121,12647
1733814169596,0,1406,64111,12654
1733814169700,0,1107,63162,12095
1733814169804,0,1226,63485,12706
1733814169907,0,1001,64107,12053
1733814170011,0,1142,64963,12843
1733814170115,0,1064,64303,12590
1733814170221,0,1392,120,12822
1733814170323,0,1178,63553,12730
1733814170427,0,1036,64168,12446
1733814170530,0,1289,64174,12808
1733814170634,0,1096,64227,12545
1733814170739,0,1321,249,13035
1733814170841,0,1200,62942,12578
1733814170945,0,1297,64080,12829
1733814171049,0,1303,64914,12756
1733814171153,0,1167,63852,12730
1733814171258,0,1395,65046,12847
1733814171361,0,1047,64474,12643
1733814171466,0,1305,64505,12739
1733814171569,0,930,62660,11934
1733814171674,0,1194,65417,12080
1733814171777,0,1101,63629,12167
1733814171882,0,1069,64382,12588
1733814171986,0,1237,64708,12525
1733814172091,0,1221,213,12801
1733814172192,0,1283,63963,13063
1733814172297,0,1085,63573,12368
1733814172401,0,1365,64446,13004
1733814172505,0,1270,63510,12399
1733814172609,0,1215,133,13074
1733814172712,0,1297,63580,13023
1733814172815,0,1134,63292,12471
1733814172919,0,1303,64221,12962
1733814173023,0,1112,62838,12030
1733814173127,0,1237,64661,12643
1733814173231,0,961,64333,11765
1733814173335,0,1215,64862,12822
1733814173440,0,1001,63091,11802
1733814173543,0,1101,62892,12842
1733814173648,0,1232,64201,12571
1733814173751,0,1232,64562,13092
1733814173856,0,1395,65090,12703
1733814173960,0,1175,64865,12667
1733814174063,0,1398,64153,12980
1733814174168,0,1117,62799,12453
1733814174271,0,1175,63331,12651
1733814174375,0,1064,63335,12113
1733814174480,0,1175,64712,12845
1733814174582,0,1050,62338,10362
1733814174689,0,1365,154,13046
1733814174791,0,1186,63730,12454
1733814174895,0,973,63826,12473
1733814174998,0,1395,64346,12972
1733814175102,0,1066,64896,13161
1733814175207,0,1362,36,12869
1733814175309,0,1153,63050,12462
1733814175413,0,1308,64098,13023
1733814175517,0,1311,64541,12777
1733814175621,0,1170,63793,12764
1733814175725,0,1400,63972,12582
1733814175829,0,1045,64400,12665
1733814175932,0,1305,64758,12548
1733814176037,0,1017,62326,12068
1733814176142,0,1202,63685,12811
1733814176245,0,1036,62804,12127
1733814176349,0,1384,64715,13105
1733814176453,0,1262,63894,12795
1733814176558,0,1248,78,13053
1733814176660,0,1300,63827,12848
1733814176764,0,1055,63280,12417
1733814176868,0,1365,64330,12956
1733814176972,0,1278,63701,12725
1733814177076,0,1248,65425,12775
1733814177180,0,947,64326,12071
1733814177284,0,1237,64954,12026
1733814177388,0,1064,63610,12248
1733814177492,0,1117,63460,12559
1733814177596,0,1232,64015,12508
1733814177700,0,876,64363,12583
1733814177805,0,1381,65476,12686
1733814177908,0,1194,64531,12094
1733814178012,0,1384,64004,13163
1733814178116,0,1134,63087,12411
1733814178220,0,1210,64866,12081
1733814178324,0,1006,63415,12037
1733814178428,0,1164,64286,12788
1733814178531,0,1042,64633,12229
1733814178636,0,1142,64776,12279
1733814178740,0,1194,64142,12697
1733814178844,0,1319,63784,13366
1733814178948,0,1305,62871,12541
1733814179052,0,1202,64034,12682
1733814179156,0,1359,63990,12712
1733814179260,0,1066,64223,12211
1733814179363,0,1245,64688,12527
1733814179468,0,976,64704,12515
1733814179572,0,1286,64176,12935
1733814179676,0,1071,63151,12449
1733814179780,0,1389,64686,13035
1733814179884,0,1240,63449,12567
1733814179989,0,1234,230,12845
1733814180091,0,0,0,0
1733814180193,0,0,0,0
1733814180295,0,0,0,0
1733814180397,0,0,0,0
1733814180499,0,0,0,0
1733814180601,0,0,0,0
1733814180702,0,0,0,0
1733814180805,0,0,0,0
1733814180907,0,0,0,0
1733814181009,0,0,0,0
1733814181111,0,0,0,0
1733814181212,0,0,0,0
1733814181315,0,0,0,0
1733814181417,0,0,0,0
1733814181519,0,0,0,0
1733814181621,0,0,0,0
1733814181723,0,0,0,0
1733814181825,0,0,0,0
1733814181927,0,0,0,0
1733814182029,0,0,0,0
1733814182131,0,0,0,0
1733814182233,0,0,0,0
1733814182335,0,0,0,0
1733814182437,0,0,0,0
1733814182539,0,0,0,0
1733814182641,0,0,0,0
1733814182743,0,0,0,0
1733814182845,0,0,0,0
1733814182946,0,0,0,0
1733814183049,0,0,0,0
1733814183151,0,0,0,0
1733814183252,0,0,0,0
1733814183355,0,0,0,0
1733814183457,0,0,0,0
1733814183559,0,0,0,0
1733814183661,0,0,0,0
1733814183762,0,0,0,0
1733814183865,0,0,0,0
1733814183967,0,0,0,0
1733814184069,0,0,0,0
1733814184171,0,0,0,0
1733814184273,0,0,0,0
1733814184375,0,0,0,0
1733814184476,0,0,0,0
1733814184578,0,0,0,0
1733814184680,0,0,0,0
1733814184782,0,0,0,0
1733814184885,0,0,0,0
1733814184987,0,0,0,0
1733814185089,0,0,0,0
1733814185191,0,0,0,0
1733814185293,0,0,0,0
1733814185394,0,0,0,0
1733814185497,0,0,0,0
1733814185599,0,0,0,0
1733814185701,0,0,0,0
1733814185802,0,0,0,0
1733814185904,0,0,0,0
1733814186007,0,0,0,0
1733814186108,0,0,0,0
1733814186211,0,0,0,0
1733814186313,0,0,0,0
1733814186415,0,0,0,0
1733814186517,0,0,0,0
1733814186618,0,0,0,0
1733814186721,0,0,0,0
1733814186822,0,0,0,0
1733814186924,0,0,0,0
1733814187027,0,0,0,0
1733814187129,0,0,0,0
1733814187231,0,0,0,0
1733814187332,0,0,0,0
1733814187434,0,0,0,0
1733814187537,0,0,0,0
1733814187638,0,0,0,0
1733814187741,0,0,0,0
1733814187842,0,0,0,0
1733814187944,0,0,0,0
1733814188047,0,0,0,0
1733814188149,0,0,0,0
1733814188251,0,0,0,0
1733814188353,0,0,0,0
1733814188455,0,0,0,0
1733814188557,0,0,0,0
1733814188659,0,0,0,0
1733814188760,0,0,0,0
1733814188863,0,0,0,0
1733814188965,0,0,0,0
1733814189067,0,0,0,0
1733814189169,0,0,0,0
1733814189271,0,0,0,0
1733814189373,0,0,0,0
1733814189684,0,0,0,0
1733814189787,0,0,0,0
1733814189888,0,0,0,0
1733814189990,0,0,0,0
1733814190092,0,0,0,0
1733814190194,0,0,0,0
1733814190296,0,0,0,0
1733814190398,0,0,0,0
1733814190499,0,0,0,0
1733814190601,0,0,0,0
1733814190704,0,0,0,0
1733814190808,0,9532,176,6789
1733814190910,0,9532,61790,16008
1733814191015,0,61704,153,5979
1733814191118,0,2786,63113,10929
1733814191222,0,495,63630,13524
1733814191325,0,1292,63791,12168
1733814191429,0,1243,64268,13003
1733814191533,0,915,63527,12345
1733814191637,0,1190,64530,12425
1733814191742,0,689,64333,12005
1733814191845,0,1125,64995,11951
1733814191949,0,880,64286,12487
1733814192053,0,1280,64302,12686
1733814192157,0,1070,63880,12541
1733814192261,0,1092,65112,13089
1733814192365,0,1247,63787,12401
1733814192469,0,1013,65010,12881
1733814192572,0,1236,64375,12774
1733814192677,0,953,64816,12560
1733814192781,0,1044,63967,12220
1733814192885,0,839,62368,12558
1733814192989,0,1211,65079,13020
1733814193093,0,924,64065,12456
1733814193198,0,1266,0,12828
1733814193300,0,1044,63672,12076
1733814193404,0,1166,63448,12984
1733814193508,0,1130,65043,12690
1733814193612,0,1035,63739,12577
1733814193716,0,1233,64111,12885
1733814193820,0,908,64435,12032
1733814193924,0,1149,64852,12823
1733814194028,0,834,62832,11677
1733814194132,0,1116,63662,12930
1733814194236,0,894,63931,12025
1733814194340,0,1225,63929,12693
1733814194444,0,1114,64757,13501
1733814194549,0,1075,107,12202
1733814194650,0,1155,63416,12808
1733814194754,0,916,63687,12190
1733814194858,0,1236,64720,12840
1733814194962,0,891,64304,12568
1733814195067,0,1103,64202,12247
1733814195171,0,788,64402,12362
1733814195275,0,1081,65031,12387
1733814195379,0,910,62617,11951
1733814195482,0,921,63915,12310
1733814195587,0,1070,63591,12390
1733814195691,0,769,64628,12680
1733814195794,0,1233,65058,12662
1733814195898,0,1027,64989,12728
1733814196003,0,1247,64479,12515
1733814196107,0,950,62801,12295
1733814196211,0,1089,63936,12421
1733814196315,0,850,63302,11896
1733814196419,0,1011,64624,12743
1733814196523,0,921,64534,12205
1733814196628,0,1220,43,13331
1733814196730,0,1041,64114,12146
1733814196834,0,814,62976,12565
1733814196938,0,1220,65097,13087
1733814197042,0,927,63694,12186
1733814197147,0,1200,40,13075
1733814197249,0,1024,63914,12139
1733814197352,0,856,63442,12473
1733814197456,0,1160,64804,12748
1733814197561,0,1022,64009,12478
1733814197666,0,1225,6,12942
1733814197768,0,1033,64220,12563
1733814197872,0,1089,63587,12905
1733814197976,0,1171,63334,12428
1733814198080,0,1041,64433,12580
1733814198184,0,1228,64251,12807
1733814198287,0,886,64422,11985
1733814198392,0,1179,64960,13021
1733814198496,0,806,65201,11915
1733814198599,0,1177,63558,12732
1733814198704,0,883,63973,12280
1733814198807,0,1214,64378,12771
1733814198912,0,1122,63783,12657
1733814199016,0,1064,65180,12132
1733814199119,0,788,64027,13032
1733814199222,0,1103,63893,12439
1733814199327,0,1236,64084,12876
1733814199430,0,964,64151,12471
1733814199535,0,1097,64031,12057
1733814199639,0,796,64242,12152
1733814199742,0,1030,64979,12442
1733814199847,0,880,62532,11890
1733814199951,0,967,64294,12283
1733814200055,0,1095,63763,12430
1733814200159,0,1081,65265,13228
1733814200263,0,1231,65181,12511
1733814200367,0,1027,65248,12659
1733814200471,0,1250,64339,12181
1733814200575,0,894,62714,12242
1733814200678,0,1092,64462,12160
1733814200783,0,839,63064,11848
1733814200886,0,1033,65081,12958
1733814200991,0,902,64170,11868
1733814201094,0,1217,65530,12900
1733814201199,0,1035,64590,12321
1733814201302,0,1125,64454,12223
1733814201407,0,1217,63853,12265
1733814201510,0,1057,63358,12487
1733814201615,0,1206,64439,12779
1733814201719,0,905,64333,12027
1733814201823,0,1111,64735,12603
1733814201927,0,750,64963,12007
1733814202031,0,1155,63743,12808
1733814202134,0,908,63371,12420
1733814202238,0,1220,64183,12811
1733814202342,0,1108,64093,12768
1733814202447,0,1097,65020,12435
1733814202550,0,777,64498,12950
1733814202655,0,1097,65046,12202
1733814202759,0,913,62447,12121
1733814202862,0,910,64777,12052
1733814202967,0,1070,64073,12415
1733814203071,0,728,64729,12664
1733814203174,0,1225,65129,12605
1733814203278,0,1038,64688,12928
1733814203382,0,1241,64534,12343
1733814203486,0,939,63013,12305
1733814203591,0,1086,64276,12302
1733814203694,0,847,63178,11863
1733814203799,0,1019,65072,13028
1733814203902,0,908,64117,11719
1733814204008,0,1217,177,13475
1733814204110,0,1044,64049,12332
1733814204213,0,804,63651,12418
1733814204317,0,1160,65107,12968
1733814204422,0,932,63826,12199
1733814204525,0,1206,65432,12918
1733814204630,0,1038,64218,12266
1733814204734,0,1185,63863,12949
1733814204838,0,766,63959,11390
1733814204942,0,1024,63066,12576
1733814205045,0,932,63305,12220
1733814205150,0,891,64278,12266
1733814205253,0,1122,65297,12849
1733814205357,0,777,64706,12037
1733814205461,0,1166,63499,12923
1733814205565,0,1022,63613,12617
1733814205669,0,1231,62487,12511
1733814205773,0,981,63843,12565
1733814205877,0,1084,64199,12186
1733814205981,0,783,64263,12140
1733814206085,0,1089,64847,12273
1733814206189,0,902,62774,12066
1733814206293,0,1231,60663,15288
1733814206397,0,1081,63912,12564
1733814206501,0,1084,65307,13030
1733814206605,0,1231,63920,12579
1733814206709,0,1013,65370,13143
1733814206813,0,1247,64627,11805
1733814206917,0,956,64797,12691
1733814207021,0,1041,64001,12324
1733814207125,0,899,63138,11982
1733814207229,0,1198,65197,13048
1733814207333,0,927,63914,12313
1733814207438,0,1222,65458,12941
1733814207541,0,1054,64235,12645
1733814207645,0,1111,63449,13285
1733814207749,0,774,63624,11666
1733814207853,0,1057,63178,12510
1733814207957,0,905,64467,12443
1733814208061,0,905,63854,11977
1733814208165,0,1119,65300,13437
1733814208269,0,755,65011,11851
1733814208373,0,1155,63728,12910
1733814208477,0,1089,63736,12432
1733814208581,0,1217,63895,12916
1733814208685,0,970,64344,12486
1733814208789,0,1073,65036,12960
1733814208893,0,815,64387,12172
1733814208997,0,1008,64958,12203
1733814209101,0,888,62625,11675
1733814209205,0,1000,64449,12245
1733814209309,0,1070,63519,12468
1733814209413,0,1089,64784,12773
1733814209517,0,1233,65050,12473
1733814209621,0,1011,64923,12854
1733814209725,0,1236,64391,12434
1733814209829,0,972,62354,12234
1733814209933,0,1089,64258,12258
1733814210037,0,866,63137,11865
1733814210141,0,0,0,0
1733814210244,0,0,0,0
1733814210346,0,0,0,0
1733814210448,0,0,0,0
1733814210551,0,0,0,0
1733814210652,0,0,0,0
1733814210754,0,0,0,0
1733814210856,0,0,0,0
1733814210958,0,0,0,0
1733814211061,0,0,0,0
1733814211162,0,0,0,0
1733814211264,0,0,0,0
1733814211366,0,0,0,0
1733814211468,0,0,0,0
1733814211570,0,0,0,0
1733814211672,0,0,0,0
1733814211774,0,0,0,0
1733814211876,0,0,0,0
1733814211978,0,0,0,0
1733814212080,0,0,0,0
1733814212182,0,0,0,0
1733814212284,0,0,0,0
1733814212386,0,0,0,0
1733814212488,0,0,0,0
1733814212590,0,0,0,0
1733814212692,0,0,0,0
1733814212794,0,0,0,0
1733814212896,0,0,0,0
1733814212998,0,0,0,0
1733814213100,0,0,0,0
1733814213202,0,0,0,0
1733814213304,0,0,0,0
1733814213406,0,0,0,0
1733814213507,0,0,0,0
1733814213610,0,0,0,0
1733814213713,0,0,0,0
1733814213814,0,0,0,0
1733814213916,0,0,0,0
1733814214018,0,0,0,0
1733814214120,0,0,0,0
1733814214222,0,0,0,0
1733814214324,0,0,0,0
1733814214425,0,0,0,0
1733814214528,0,0,0,0
1733814214639,0,0,0,0
1733814214732,0,0,0,0
1733814214834,0,0,0,0
1733814214936,0,0,0,0
1733814215037,0,0,0,0
1733814215140,0,0,0,0
1733814215242,0,0,0,0
1733814215344,0,0,0,0
1733814215446,0,0,0,0
1733814215548,0,0,0,0
1733814215649,0,0,0,0
1733814215752,0,0,0,0
1733814215854,0,0,0,0
1733814215957,0,9532,63462,10794
1733814216061,0,1423,64601,14853
1733814216165,0,65235,64569,4943
1733814216269,0,2099,64148,13226
1733814216373,0,140,64602,11209
1733814216477,0,1368,64236,12230
1733814216581,0,884,65515,12846
1733814216685,0,860,64949,12348
1733814216789,0,1118,63863,12772
1733814216893,0,1067,63746,12257
1733814216997,0,1243,63972,13032
1733814217101,0,963,63801,12372
1733814217205,0,1099,64236,12392
1733814217309,0,812,64542,12437
1733814217413,0,1007,65055,11819
1733814217517,0,907,62446,12001
1733814217621,0,929,64381,12059
1733814217724,0,1072,63881,12507
1733814217829,0,1091,65272,13148
1733814217933,0,1254,64927,12359
1733814218037,0,1051,65135,12878
1733814218140,0,1254,64417,12456
1733814218244,0,991,62412,12183
1733814218349,0,1127,64295,12248
1733814218453,0,885,62901,11870
1733814218557,0,1062,64659,12747
1733814218661,0,940,63981,11999
1733814218766,0,1254,210,13089
1733814218868,0,1073,63987,12282
1733814218972,0,871,62784,12601
1733814219076,0,1222,64677,12943
1733814219180,0,989,63985,12512
1733814219285,0,1268,58,12673
1733814219387,0,1108,63465,12170
1733814219491,0,912,63562,12588
1733814219595,0,1228,65039,12755
1733814219699,0,1062,63611,12531
1733814219804,0,1356,175,13216
1733814219906,0,1128,63855,12255
1733814220010,0,1305,63337,13096
1733814220114,0,1272,65053,12707
1733814220218,0,1155,63881,12577
1733814220322,0,1388,64254,12898
1733814220426,0,1079,64423,12037
1733814220530,0,1244,65021,12931
1733814220635,0,1033,63112,11673
1733814220738,0,1365,63938,13079
1733814220841,0,1163,64587,12218
1733814220946,0,1220,63993,12454
1733814221049,0,1414,64899,12665
1733814221154,0,1375,65331,12654
1733814221258,0,1518,63843,13068
1733814221362,0,1471,63672,12673
1733814221466,0,1656,63128,12797
1733814221569,0,1461,63690,12853
1733814221674,0,1613,64285,12773
1733814221778,0,1290,64515,12746
1733814221882,0,1592,64971,12494
1733814221986,0,1410,62025,12789
1733814222089,0,1747,63905,12952
1733814222194,0,1602,62151,13135
1733814222298,0,1533,64760,13074
1733814222402,0,2045,65233,13011
1733814222505,0,1820,64423,13314
1733814222609,0,2162,63688,13142
1733814222714,0,2041,62493,13078
1733814222817,0,2212,64645,13499
1733814222922,0,2354,63813,13568
1733814223026,0,2294,64734,13371
1733814223130,0,2529,64036,13535
1733814223233,0,2415,62378,13171
1733814223338,0,2620,63816,13174
1733814223442,0,2515,63052,12860
1733814223546,0,2642,64087,13614
1733814223649,0,2542,64099,12671
1733814223754,0,2609,64900,13392
1733814223858,0,2645,63343,12874
1733814223962,0,2729,63170,14036
1733814224065,0,2952,64592,13515
1733814224170,0,2944,63395,13380
1733814224273,0,3259,65088,13716
1733814224377,0,3039,63701,13306
1733814224481,0,3396,63268,14141
1733814224585,0,3133,62963,12941
1733814224689,0,3511,63340,13788
1733814224793,0,3962,63626,14201
1733814224898,0,3562,65164,17174
1733814225002,0,3793,63993,14153
1733814225105,0,3554,62451,13100
1733814225210,0,3794,63102,14067
1733814225314,0,3845,63566,13786
1733814225418,0,3781,62600,13099
1733814225521,0,3946,64214,13792
1733814225626,0,3720,64434,13614
1733814225730,0,4009,62907,14213
1733814225834,0,3949,62927,13863
1733814225937,0,4153,63726,14371
1733814226041,0,4596,62816,14512
1733814226145,0,4501,64819,14361
1733814226250,0,4861,63074,14613
1733814226354,0,4941,62423,14667
1733814226458,0,5066,61884,14507
1733814226561,0,4902,63193,14615
1733814226665,0,5094,63343,14423
1733814226769,0,4864,63878,14536
1733814226873,0,5160,64106,14411
1733814226977,0,5033,62107,14476
1733814227082,0,5238,62815,14574
1733814227186,0,5329,63474,14502
1733814227289,0,5017,63830,14950
1733814227393,0,5498,64266,14749
1733814227497,0,5333,63808,14484
1733814227601,0,5536,63559,13861
1733814227706,0,5240,61967,14675
1733814227810,0,5381,63124,14547
1733814227913,0,5178,62719,14219
1733814228017,0,5311,63949,15079
1733814228121,0,5200,63519,14114
1733814228226,0,5270,64121,14804
1733814228330,0,5333,63282,14722
1733814228434,0,5400,63088,15114
1733814228537,0,5528,62608,14590
1733814228641,0,5358,63244,14816
1733814228745,0,5588,63006,15182
1733814228849,0,5192,63049,13296
1733814228953,0,5420,63830,13357
1733814229057,0,5118,63948,14175
1733814229162,0,5398,63101,15076
1733814229265,0,5275,62756,14477
1733814229369,0,5515,63805,15008
1733814229473,0,5347,62844,14973
1733814229577,0,5376,64555,14701
1733814229681,0,5181,63350,14496
1733814229785,0,5578,62884,14825
1733814229889,0,5323,61926,14651
1733814229993,0,5356,62949,14483
1733814230097,0,5551,63652,14720
1733814230201,0,5266,63364,14816
1733814230305,0,5709,64434,14849
1733814230409,0,5380,63675,13782
1733814230513,0,5752,63313,14965
1733814230617,0,5889,61038,15063
1733814230721,0,5854,64240,15475
1733814230825,0,5958,62819,15083
1733814230929,0,5787,64387,15133
1733814231033,0,5643,63361,14653
1733814231137,0,5705,63358,15246
1733814231241,0,5754,60766,16645
1733814231345,0,5583,61985,15049
1733814231449,0,5955,63956,15355
1733814231553,0,5602,62945,14748
1733814231658,0,5999,64863,15621
1733814231761,0,5654,63348,14872
1733814231865,0,5865,63231,15266
1733814231969,0,5558,61845,14381
1733814232074,0,5760,61991,15046
1733814232177,0,5732,62988,14764
1733814232281,0,5615,65449,16212
1733814232385,0,5784,64418,15231
1733814232489,0,5896,64174,15019
1733814232593,0,5854,62711,15418
1733814232697,0,5833,62491,14950
1733814232801,0,5963,61873,15022
1733814232905,0,5692,63149,14894
1733814233009,0,5887,63403,14960
1733814233113,0,5771,63668,14881
1733814233217,0,6193,63665,15171
1733814233321,0,5952,61982,14857
1733814233425,0,6004,63188,14731
1733814233529,0,6155,63140,14939
1733814233633,0,5797,64129,15421
1733814233737,0,6316,63680,15008
1733814233841,0,6077,64233,15322
1733814233944,0,6287,62930,15097
1733814234049,0,6082,61775,15169
1733814234153,0,6172,62525,15154
1733814234257,0,5935,62301,14513
1733814234361,0,6077,64139,15463
1733814234464,0,5993,62573,14469
1733814234569,0,6351,64665,15671
1733814234673,0,6126,62806,14774
1733814234777,0,6161,63045,15822
1733814234881,0,6318,62227,14897
1733814234985,0,6074,63074,15111
1733814235089,0,6357,63241,15708
1733814235193,0,5952,63276,14754
1733814235297,0,6153,64515,15649
1733814235401,0,5889,63579,15024
1733814235505,0,6185,62363,16153
1733814235609,0,6085,62590,14895
1733814235713,0,6297,63549,15415
1733814235816,0,5965,63061,15370
1733814235921,0,6251,63030,14827
1733814236025,0,5813,63175,14056
1733814236129,0,6166,63621,15033
1733814236233,0,6004,61710,14831
1733814236337,0,6015,62635,15048
1733814236441,0,6172,61959,14963
1733814236545,0,6152,64103,15927
1733814236649,0,6351,63917,15123
1733814236752,0,6101,64392,15499
1733814236856,0,6321,62986,15346
1733814236961,0,6131,61785,15085
1733814237065,0,6163,62789,15050
1733814237169,0,5971,61825,14511
1733814237273,0,6096,64454,15569
1733814237377,0,5930,62902,14887
1733814237481,0,6368,64865,15715
1733814237584,0,6126,63072,14968
1733814237689,0,6193,63730,15120
1733814237793,0,6321,62194,14912
1733814237897,0,6148,62969,15219
1733814238001,0,6387,62664,15491
1733814238105,0,6071,63126,14529
1733814238209,0,6151,63926,15357
1733814238313,0,5935,63665,14880
1733814238417,0,6221,63159,15375
1733814238521,0,6012,62646,14849
1733814238625,0,6335,63549,15385
1733814238729,0,6145,62691,15435
1733814238832,0,6246,64697,15289
1733814238936,0,6265,63119,15702
1733814239041,0,6156,63167,14192
1733814239145,0,6006,62045,14963
1733814239249,0,6034,62832,14772
1733814239353,0,6202,63672,15096
1733814239457,0,5901,63381,15190
1733814239561,0,6240,64513,15015
1733814239664,0,6012,63339,15614
1733814239769,0,6327,63229,15337
1733814239873,0,6049,61392,15177
1733814239977,0,6193,63960,15412
1733814240080,0,5851,62925,14634
1733814240185,0,6213,63317,15247
1733814240288,0,6028,63317,14416
1733814240392,0,6038,63741,15188
1733814240496,0,6185,62722,15048
1733814240600,0,5906,62715,15073
1733814240705,0,6305,64014,15413
1733814240808,0,6134,63150,15289
1733814240913,0,6310,64402,15659
1733814241017,0,6023,63315,14814
1733814241121,0,6188,63242,15489
1733814241224,0,5919,61958,14330
1733814241328,0,0,0,0
1733814241431,0,0,0,0
1733814241533,0,0,0,0
1733814241635,0,0,0,0
1733814241737,0,0,0,0
1733814241839,0,0,0,0
1733814241941,0,0,0,0
1733814242043,0,0,0,0
1733814242145,0,0,0,0
1733814242247,0,0,0,0
1733814242349,0,0,0,0
1733814242451,0,0,0,0
1733814242553,0,0,0,0
1733814242655,0,0,0,0
1733814242757,0,0,0,0
1733814242858,0,0,0,0
1733814242960,0,0,0,0
1733814243063,0,0,0,0
1733814243164,0,0,0,0
1733814243267,0,0,0,0
1733814243369,0,0,0,0
1733814243471,0,0,0,0
1733814243572,0,0,0,0
1733814243675,0,0,0,0
1733814243777,0,0,0,0
1733814243878,0,0,0,0
1733814243982,0,9532,64981,5959
1733814244086,0,9532,64967,5894
1733814244190,0,9532,265,5279
1733814244294,0,9532,931,5521
1733814244397,0,9532,673,5570
1733814244500,0,9532,606,5478
1733814244602,0,9532,64183,4948
1733814244706,0,9532,64973,5226
1733814244810,0,9532,64609,5579
1733814244914,0,9532,64705,6211
1733814245017,0,9532,65101,5536
1733814245123,0,9532,646,5553
1733814245225,0,9532,305,5331
1733814245329,0,9532,845,5589
1733814245432,0,9532,296,5448
1733814245535,0,9532,505,5450
1733814245637,0,9532,64840,5244
1733814245741,0,9532,63150,6195
1733814245845,0,9532,65021,5557
1733814245948,0,9532,65077,5623
1733814246052,0,9532,65495,5956
1733814246158,0,9532,391,5649
1733814246261,0,9532,578,5571
1733814246363,0,9532,547,5592
1733814246467,0,9532,501,5685
1733814246569,0,9532,64508,5790
1733814246673,0,9532,65176,5559
1733814246776,0,9532,64755,5570
1733814246881,0,9532,64950,6034
1733814246985,0,9532,64897,5878
1733814247090,0,9532,724,5718
1733814247193,0,9532,493,5670
1733814247295,0,9532,915,5519
1733814247398,0,0,0,0
1733814247501,0,0,0,0
1733814247603,0,0,0,0
1733814247705,0,0,0,0
1733814247807,0,0,0,0
1733814247908,0,0,0,0
1733814248011,0,0,0,0
1733814248113,0,0,0,0
1733814248215,0,0,0,0
1733814248317,0,0,0,0
1733814248419,0,0,0,0
1733814248521,0,0,0,0
1733814248623,0,0,0,0
1733814248725,0,0,0,0
1733814248826,0,0,0,0
1733814248928,0,0,0,0
1733814249031,0,0,0,0
1733814249133,0,0,0,0
1733814249235,0,0,0,0
1733814249337,0,0,0,0
1733814249439,0,0,0,0
1733814249541,0,0,0,0
1733814249643,0,0,0,0
1733814249745,0,0,0,0
1733814249847,0,0,0,0
1733814249949,0,0,0,0
1733814250050,0,0,0,0
1733814250153,0,0,0,0
1733814250255,0,0,0,0
1733814250357,0,0,0,0
1733814250459,0,0,0,0
1733814250560,0,0,0,0
1733814250663,0,0,0,0
1733814250765,0,0,0,0
1733814250867,0,0,0,0
1733814250969,0,0,0,0
1733814251071,0,0,0,0
1733814251173,0,0,0,0
1733814251275,0,0,0,0
1733814251377,0,0,0,0
1733814251479,0,0,0,0
1733814251581,0,0,0,0
1733814251682,0,0,0,0
1733814251785,0,0,0,0
1733814251887,0,0,0,0
1733814251989,0,0,0,0
1733814252090,0,0,0,0
1733814252193,0,0,0,0
1733814252294,0,0,0,0
1733814252396,0,0,0,0
1733814252499,0,0,0,0
1733814252601,0,0,0,0
1733814252702,0,0,0,0
1733814252804,0,0,0,0
1733814252906,0,0,0,0
1733814253009,0,0,0,0
1733814253110,0,0,0,0
1733814253213,0,0,0,0
1733814253314,0,0,0,0
1733814253417,0,0,0,0
1733814253518,0,0,0,0
1733814253620,0,0,0,0
1733814253724,0,9532,63737,11980
1733814253828,0,3141,63062,15504
1733814253932,0,0,0,0
1733814254034,0,0,0,0
1733814254136,0,0,0,0
1733814254238,0,0,0,0
1733814254340,0,0,0,0
1733814254442,0,0,0,0
1733814254543,0,0,0,0
1733814254646,0,0,0,0
1733814254748,0,0,0,0
1733814254850,0,0,0,0
1733814254953,0,9532,64562,6210
1733814255057,0,9532,62025,14161
1733814255265,0,3019,64813,12681
1733814255369,0,2613,64974,13767
1733814255473,0,2214,64278,12909
1733814255577,0,2738,64084,13161
1733814255681,0,2206,64196,13248
1733814255785,0,2497,63515,13132
1733814255889,0,2079,62800,12517
1733814255993,0,2568,65039,13850
1733814256097,0,2253,63994,13248
1733814256201,0,2595,65508,13845
1733814256305,0,2367,63784,12903
1733814256409,0,2434,63204,13847
1733814256513,0,2182,63174,12459
1733814256616,0,2353,64097,13196
1733814256721,0,2548,64385,14017
1733814256825,0,2260,63985,12969
1733814256929,0,2397,65244,13964
1733814257033,0,2127,64580,12627
1733814257137,0,2476,63534,13742
1733814257241,0,2315,63206,13002
1733814257345,0,2540,64177,13492
1733814257449,0,2367,63590,13576
1733814257554,0,2410,191,13813
1733814257656,0,2445,63266,13543
1733814257760,0,2348,63068,13221
1733814257864,0,2532,64017,13742
1733814257968,0,2288,63667,13258
1733814258071,0,2410,63877,13044
1733814258176,0,2109,64294,12967
1733814258280,0,2340,64944,13232
1733814258384,0,2206,62322,12675
1733814258488,0,2559,63562,13594
1733814258592,0,2393,63746,13098
1733814258696,0,2413,64817,13797
1733814258800,0,2543,63279,13005
1733814258904,0,2351,65109,13258
1733814259008,0,2551,63888,13328
1733814259111,0,2345,62378,12628
1733814259216,0,2351,63607,13040
1733814259320,0,2173,62611,12545
1733814259424,0,2529,65072,13773
1733814259528,0,2234,63948,13173
1733814259633,0,2529,454,14551
1733814259735,0,2342,63625,13082
1733814259839,0,2160,63079,13233
1733814259943,0,2524,64953,13573
1733814260047,0,2236,63633,13082
1733814260151,0,2606,65497,13771
1733814260254,0,2201,63987,13034
1733814260359,0,2429,64310,13346
1733814260463,0,2135,63176,12062
1733814260567,0,2370,63124,13334
1733814260671,0,2277,63875,12946
1733814260775,0,2215,63994,13056
1733814260879,0,2404,65123,13606
1733814260983,0,2478,64615,13173
1733814261087,0,2434,63727,13372
1733814261191,0,2404,63136,13456
1733814261295,0,2565,62679,13191
1733814261399,0,2261,63735,13187
1733814261503,0,2456,64002,13239
1733814261606,0,2035,63721,12087
1733814261711,0,2570,64741,13265
1733814261815,0,2220,64042,13287
1733814261919,0,2540,63852,13379
1733814262023,0,2413,62259,13298
1733814262127,0,2402,64529,13638
1733814262231,0,2551,63534,13492
1733814262335,0,2331,64934,13274
1733814262439,0,2247,64201,12956
1733814262543,0,2331,64524,13403
1733814262647,0,2351,63600,12968
1733814262751,0,2165,62867,13414
1733814262855,0,2513,65048,13535
1733814262959,0,2176,63561,13057
1733814263063,0,2620,65150,13749
1733814263167,0,2212,63958,12753
1733814263271,0,2456,64265,13565
1733814263375,0,2143,63028,12460
1733814263479,0,2351,63128,13385
1733814263583,0,2234,64082,12879
1733814263687,0,2201,63898,13042
1733814263790,0,2437,65341,14035
1733814263895,0,2459,65457,13368
1733814263999,0,2434,63613,13568
1733814264103,0,2353,63404,13015
1733814264207,0,2516,62369,13381
1733814264311,0,2258,64067,13159
1733814264414,0,2462,63966,13219
1733814264519,0,2051,64143,12870
1733814264623,0,2579,64861,13195
1733814264727,0,2201,64213,13154
1733814264831,0,2538,63749,13810
1733814264934,0,2445,62442,13246
1733814265039,0,2415,64556,13637
1733814265143,0,2500,62967,13175
1733814265246,0,2421,65072,13482
1733814265351,0,2184,64138,12975
1733814265454,0,2356,64390,13323
1733814265558,0,2359,63690,12903
1733814265663,0,2171,63162,13216
1733814265767,0,2576,64828,13576
1733814265871,0,2190,63619,13118
1733814265974,0,2620,65229,13722
1733814266079,0,2228,63854,12552
1733814266183,0,2456,64211,13494
1733814266286,0,2160,62726,12450
1733814266390,0,0,0,0
1733814266493,0,0,0,0
1733814266594,0,0,0,0
1733814266697,0,0,0,0
1733814266799,0,0,0,0
1733814266901,0,0,0,0
1733814267003,0,0,0,0
1733814267105,0,0,0,0
1733814267206,0,0,0,0
1733814267309,0,0,0,0
1733814267410,0,0,0,0
1733814267513,0,0,0,0
1733814267614,0,0,0,0
1733814267717,0,0,0,0
1733814267819,0,0,0,0
1733814267921,0,0,0,0
1733814268023,0,0,0,0
1733814268125,0,0,0,0
1733814268226,0,0,0,0
1733814268329,0,0,0,0
1733814268431,0,0,0,0
1733814268533,0,0,0,0
1733814268634,0,0,0,0
1733814268737,0,0,0,0
